{
  "model_name": "Random Forest",
  "f1_score": 0.975609756097561,
  "auc_roc": 0.9727891156462585,
  "accuracy": 0.9841269841269841,
  "precision": 1.0,
  "recall": 0.9523809523809523
}